Metric,Value
MAE,201.1765123895602
MSE,292399.28319449205
